Study,Variant,fold_red
Anichini et al. 2021,Gamma,1.217834395
Anichini et al. 2021,Beta,4.192982456
Anichini et al. 2021,Alpha,1.07295174
Bowen et al. 2022,BA.1,19
Bowen et al. 2022,BA.1,17
Bowen et al. 2022,BA.1,22
Bowen et al. 2022,BA.2,14
Bowen et al. 2022,BA.2,12
Bowen et al. 2022,BA.2,16
Bowen et al. 2022,BA.4/5,29
Bowen et al. 2022,BA.4/5,18
Bowen et al. 2022,BA.4/5,23
Cameroni et al. 2022,Beta,10
Cameroni et al. 2022,Beta,7
Cameroni et al. 2022,Beta,4
Cameroni et al. 2022,BA.1,39
Cameroni et al. 2022,BA.1,37
Cameroni et al. 2022,BA.1,21
Cantoni et al. 2022,Gamma,3.523426408
Cantoni et al. 2022,Gamma,4.433333333
Cantoni et al. 2022,Beta,1.480119284
Cantoni et al. 2022,Beta,3.433561124
Cantoni et al. 2022,Alpha,1.47826087
Cantoni et al. 2022,Alpha,1.556229097
Cele et al. 2021,Omicron (initial),41.4
Davis et al. 2021,Delta,4.01
Davis et al. 2021,Delta,11.3
Doria-Rose et al. 2021,Beta,9.167173252
Doria-Rose et al. 2021,Beta,13.58682635
Doria-Rose et al. 2021,BA.1,84.03703704
Doria-Rose et al. 2021,BA.1,48.64516129
Dupont et al. 2021,Gamma,1.014263074
Dupont et al. 2021,Gamma,1.063740023
Dupont et al. 2021,Gamma,1.131907308
Dupont et al. 2021,Gamma,1.164844066
Dupont et al. 2021,Gamma,1.225398571
Dupont et al. 2021,Gamma,1.22974359
Dupont et al. 2021,Beta,2.191780822
Dupont et al. 2021,Beta,2.668067227
Dupont et al. 2021,Beta,3.475362319
Dupont et al. 2021,Beta,5.267399267
Dupont et al. 2021,Beta,6.703759398
Dupont et al. 2021,Beta,7.159631619
Dupont et al. 2021,Alpha,1.828571429
Dupont et al. 2021,Alpha,2.055016181
Dupont et al. 2021,Alpha,2.216266174
Dupont et al. 2021,Alpha,2.817577771
Dupont et al. 2021,Alpha,2.932894737
Dupont et al. 2021,Alpha,2.964948454
Garcia-Beltran et al. 2022,Gamma,5.8
Garcia-Beltran et al. 2022,Gamma,6.7
Garcia-Beltran et al. 2022,Beta,34.5
Garcia-Beltran et al. 2022,Beta,41.2
Garcia-Beltran et al. 2022,Beta,42.4
Garcia-Beltran et al. 2022,Alpha,2.1
Gruell et al. 2022,Delta,3.174418605
Gruell et al. 2022,BA.1,68.25
Gruell et al. 2022,Alpha,1.649546828
Gruell et al. 2022,Beta,13.65
Hachmann et al. 2022,BA.1,6.2
Hachmann et al. 2022,BA.2,6.2
Hachmann et al. 2022,BA.4/5,6.2
Iketani et al. 2022,BA.1,9.437275986
Iketani et al. 2022,BA.1,10.4484127
Iketani et al. 2022,BA.1,8.955555556
Iketani et al. 2022,BA.2,9.539855072
Iketani et al. 2022,BA.2,8.224489796
Leier et al. 2021,Gamma,1.25
Leier et al. 2021,Gamma,3.365910413
Leier et al. 2021,Beta,12.18105263
Leier et al. 2021,Alpha,1.517509728
Leier et al. 2021,Alpha,2.594618834
Liu et al. 2021,Gamma,1.217391304
Liu et al. 2021,Beta,2.742268041
Liu et al. 2021,Alpha,0.802413273
Lu et al. 2022,Delta,2
Lu et al. 2022,BA.1,13.2
Lu et al. 2022,BA.1,12.5
Lu et al. 2022,Beta,6.2
Lustig et al. 2021,Gamma,2.000680272
Lustig et al. 2021,Delta,2
Lustig et al. 2021,Delta,2.313027179
Lustig et al. 2021,Beta,8.776484631
Lustig et al. 2021,Alpha,1.515979381
Lyke et al. 2022,BA.1,7.2
Lyke et al. 2022,BA.2,5.6
Lyke et al. 2022,BA.4/5,9.3
McCallum et al. 2021,Gamma,1.230893001
McCallum et al. 2021,Gamma,2.074074074
McCallum et al. 2021,Gamma,3.333333333
McCallum et al. 2021,Beta,2.136871508
McCallum et al. 2021,Beta,3.698113208
McCallum et al. 2021,Beta,4.363636364
McCallum et al. 2021,Alpha,1.232876712
McCallum et al. 2021,Alpha,1.276872964
McCallum et al. 2021,Alpha,1.88976378
Qu et al. 2022,BA.1,4.850599782
Qu et al. 2022,BA.4/5,13.64417178
Su et al. 2021,Gamma,1.753080082
Su et al. 2021,Beta,9.082446809
Su et al. 2021,Alpha,1.417600664
Tang et al. 2021,Gamma,4.813186813
Tang et al. 2021,Beta,12.05504587
Tang et al. 2021,Alpha,3.480794702
van Gils et al. 2021,Gamma,2.3
van Gils et al. 2021,Delta,4.4
van Gils et al. 2021,Beta,5.3
van Gils et al. 2021,Alpha,1.9
Wilhelm et al. 2021,Omicron (initial),37
Wu et al. 2021,Gamma,3.180272109
Wu et al. 2021,Delta,1.119760479
Wu et al. 2021,Delta,2.117780294
Wu et al. 2021,Delta,3.298059965
Wu et al. 2021,Beta,6.84981685
Wu et al. 2021,Beta,7.333333333
Wu et al. 2021,Beta,8.423423423
Wu et al. 2021,Alpha,1.169480926
Wu et al. 2021,Alpha,2.791044776
Yu et al. 2022,BA.1,27
Yu et al. 2022,BA.2,23
Yu et al. 2022,Gamma,1.853790127
Yu et al. 2022,Beta,4.557029178
Yu et al. 2022,Alpha,2.204683991